chromosome	region_start	region_end	qtl_start	qtl_end	qtl_name	qtl_number
Chr.1	22834818	23381127	22940418	22940422	White blood cell number QTL (27954)	27954
Chr.1	22834818	23381127	22968524	22968528	Body circumference QTL (286682)	286682
Chr.1	22834818	23381127	23067921	23067925	Salmonella shedding status QTL (37622)	37622
Chr.1	22834818	23381127	23067921	23067925	Salmonella count in feces QTL (37623)	37623
Chr.1	22834818	23381127	23068258	23068262	Salmonella shedding status QTL (37621)	37621
Chr.1	22834818	23381127	23069693	23069697	Salmonella shedding status QTL (37619)	37619
Chr.1	22834818	23381127	23069693	23069697	Salmonella count in feces QTL (37620)	37620
Chr.1	22834818	23381127	23070044	23070048	Salmonella shedding status QTL (37618)	37618
Chr.1	22834818	23381127	23070238	23070242	Salmonella shedding status QTL (37616)	37616
Chr.1	22834818	23381127	23070238	23070242	Salmonella count in feces QTL (37617)	37617
Chr.1	22834818	23381127	23070337	23070341	Salmonella shedding status QTL (37614)	37614
Chr.1	22834818	23381127	23070337	23070341	Salmonella count in feces QTL (37615)	37615
Chr.1	22834818	23381127	23072880	23072884	Salmonella shedding status QTL (37612)	37612
Chr.1	22834818	23381127	23072880	23072884	Salmonella count in feces QTL (37613)	37613
Chr.1	22834818	23381127	23072946	23072950	Salmonella shedding status QTL (37610)	37610
Chr.1	22834818	23381127	23072946	23072950	Salmonella count in feces QTL (37611)	37611
Chr.1	22834818	23381127	23100099	23100103	Teat number QTL (294774)	294774
Chr.1	22834818	23381127	23257247	23257251	Teat number, difference between sides QTL (126625)	126625
Chr.1	22834818	23381127	23302926	23302930	Offspring number QTL (295439)	295439
Chr.2	38590	3831532	67291	67295	Dressing percentage QTL (161245)	161245
Chr.2	38590	3831532	72816	72820	Offspring number QTL (314585)	314585
Chr.2	38590	3831532	275550	275554	Monounsaturated fatty acid to polyunsaturated fatty acid ratio QTL (218161)	218161
Chr.2	38590	3831532	275550	275554	Linoleic acid content QTL (218184)	218184
Chr.2	38590	3831532	275550	275554	Polyunsaturated fatty acid content QTL (218198)	218198
Chr.2	38590	3831532	275550	275554	Oleic acid content QTL (218268)	218268
Chr.2	38590	3831532	310341	310345	Subcutaneous fat thickness QTL (290502)	290502
Chr.2	38590	3831532	378279	378283	Litter weight, piglets born alive QTL (292102)	292102
Chr.2	38590	3831532	387348	387352	Subcutaneous fat thickness QTL (153583)	153583
Chr.2	38590	3831532	387348	387352	Dressing percentage QTL (160939)	160939
Chr.2	38590	3831532	387348	387352	Subcutaneous fat thickness QTL (170627)	170627
Chr.2	38590	3831532	387348	387352	Lean meat percentage QTL (170644)	170644
Chr.2	38590	3831532	387348	387352	Monounsaturated fatty acid to polyunsaturated fatty acid ratio QTL (218114)	218114
Chr.2	38590	3831532	387348	387352	Linoleic acid content QTL (218118)	218118
Chr.2	38590	3831532	387348	387352	Polyunsaturated fatty acid content QTL (218122)	218122
Chr.2	38590	3831532	387348	387352	Polyunsaturated fatty acid to saturated fatty acid ratio QTL (218195)	218195
Chr.2	38590	3831532	387348	387352	Oleic acid content QTL (218202)	218202
Chr.2	38590	3831532	429003	429007	Dressing percentage QTL (160917)	160917
Chr.2	38590	3831532	462113	462117	Dressing percentage QTL (161025)	161025
Chr.2	38590	3831532	462113	462117	Subcutaneous fat thickness QTL (170624)	170624
Chr.2	38590	3831532	462113	462117	Lean meat percentage QTL (170642)	170642
Chr.2	38590	3831532	462113	462117	Monounsaturated fatty acid to polyunsaturated fatty acid ratio QTL (218135)	218135
Chr.2	38590	3831532	462113	462117	Linoleic acid content QTL (218153)	218153
Chr.2	38590	3831532	462113	462117	Polyunsaturated fatty acid content QTL (218155)	218155
Chr.2	38590	3831532	462113	462117	Oleic acid content QTL (218174)	218174
Chr.2	38590	3831532	462113	462117	Monounsaturated fatty acid content QTL (218238)	218238
Chr.2	38590	3831532	462113	462117	Subcutaneous fat thickness QTL (262683)	262683
Chr.2	38590	3831532	462113	462117	Subcutaneous fat thickness QTL (262689)	262689
Chr.2	38590	3831532	548105	548109	Average daily gain QTL (290297)	290297
Chr.2	38590	3831532	552989	552993	Subcutaneous fat thickness QTL (153589)	153589
Chr.2	38590	3831532	552989	552993	Monounsaturated fatty acid to polyunsaturated fatty acid ratio QTL (218113)	218113
Chr.2	38590	3831532	552989	552993	Linoleic acid content QTL (218117)	218117
Chr.2	38590	3831532	552989	552993	Polyunsaturated fatty acid content QTL (218121)	218121
Chr.2	38590	3831532	552989	552993	Oleic acid content QTL (218173)	218173
Chr.2	38590	3831532	552989	552993	Polyunsaturated fatty acid to saturated fatty acid ratio QTL (218194)	218194
Chr.2	38590	3831532	552989	552993	Monounsaturated fatty acid content QTL (218239)	218239
Chr.2	38590	3831532	552989	552993	Subcutaneous fat thickness QTL (287574)	287574
Chr.2	38590	3831532	578641	578645	Fat androstenone level QTL (194785)	194785
Chr.2	38590	3831532	578641	578645	Fat androstenone level QTL (194788)	194788
Chr.2	38590	3831532	578641	578645	Fat androstenone level QTL (194789)	194789
Chr.2	38590	3831532	615501	615505	Subcutaneous fat thickness QTL (290762)	290762
Chr.2	38590	3831532	628149	628153	Dressing percentage QTL (161068)	161068
Chr.2	38590	3831532	628149	628153	Subcutaneous fat thickness QTL (170623)	170623
Chr.2	38590	3831532	628149	628153	Lean meat percentage QTL (170643)	170643
Chr.2	38590	3831532	628149	628153	Subcutaneous fat thickness QTL (311838)	311838
Chr.2	38590	3831532	654224	654228	Fat androstenone level QTL (194766)	194766
Chr.2	38590	3831532	654224	654228	Fat androstenone level QTL (194768)	194768
Chr.2	38590	3831532	654224	654228	Fat androstenone level QTL (194769)	194769
Chr.2	38590	3831532	845518	845522	Average chain length QTL (213842)	213842
Chr.2	38590	3831532	872421	872425	Subcutaneous fat thickness QTL (290596)	290596
Chr.2	38590	3831532	881487	881491	Longissimus muscle depth QTL (292640)	292640
Chr.2	38590	3831532	889572	889576	Litter weight, piglets born alive QTL (292293)	292293
Chr.2	38590	3831532	898185	898189	Subcutaneous fat thickness QTL (315098)	315098
Chr.2	38590	3831532	1100329	1100333	Dressing percentage QTL (160977)	160977
Chr.2	38590	3831532	1100329	1100333	Average daily gain QTL (164992)	164992
Chr.2	38590	3831532	1100329	1100333	Average daily gain QTL (164995)	164995
Chr.2	38590	3831532	1100329	1100333	Average daily gain QTL (164996)	164996
Chr.2	38590	3831532	1106634	1106638	Dressing percentage QTL (160967)	160967
Chr.2	38590	3831532	1128987	1128991	Dressing percentage QTL (161241)	161241
Chr.2	38590	3831532	1128987	1128991	Subcutaneous fat thickness QTL (311841)	311841
Chr.2	38590	3831532	1135815	1135819	Subcutaneous fat thickness QTL (37967)	37967
Chr.2	38590	3831532	1135815	1135819	Heart weight QTL (65002)	65002
Chr.2	38590	3831532	1135815	1135819	Longissimus muscle area QTL (106178)	106178
Chr.2	38590	3831532	1135815	1135819	Dressing percentage QTL (161094)	161094
Chr.2	38590	3831532	1135815	1135819	Subcutaneous fat thickness QTL (170628)	170628
Chr.2	38590	3831532	1135815	1135819	Subcutaneous fat thickness QTL (311842)	311842
Chr.2	38590	3831532	1177875	1177879	Longissimus muscle area QTL (16352)	16352
Chr.2	38590	3831532	1177875	1177879	Gait score (overall) QTL (16582)	16582
Chr.2	38590	3831532	1177875	1177879	Abdominal fat weight QTL (38001)	38001
Chr.2	38590	3831532	1177875	1177879	Longissimus muscle area QTL (106175)	106175
Chr.2	38590	3831532	1177875	1177879	Linoleic acid content QTL (218263)	218263
Chr.2	38590	3831532	1177875	1177879	Polyunsaturated fatty acid content QTL (218266)	218266
Chr.2	38590	3831532	1177875	1177879	Monounsaturated fatty acid to polyunsaturated fatty acid ratio QTL (218272)	218272
Chr.2	38590	3831532	1177875	1177879	Subcutaneous fat thickness QTL (311843)	311843
Chr.2	38590	3831532	1235759	1235763	Longissimus muscle area QTL (106172)	106172
Chr.2	38590	3831532	1235759	1235763	Dressing percentage QTL (160913)	160913
Chr.2	38590	3831532	1238923	1238927	Leaf fat weight QTL (38025)	38025
Chr.2	38590	3831532	1238923	1238927	Longissimus muscle area QTL (106173)	106173
Chr.2	38590	3831532	1381205	1381209	Litter weight, piglets born alive QTL (292340)	292340
Chr.2	38590	3831532	1382727	1382731	Lean cuts percentage QTL (291758)	291758
Chr.2	38590	3831532	1391228	1391232	Dressing percentage QTL (161188)	161188
Chr.2	38590	3831532	1392659	1392663	Subcutaneous fat thickness QTL (37989)	37989
Chr.2	38590	3831532	1392659	1392663	Subcutaneous fat thickness QTL (38021)	38021
Chr.2	38590	3831532	1392659	1392663	Longissimus muscle area QTL (106177)	106177
Chr.2	38590	3831532	1392659	1392663	Dressing percentage QTL (161252)	161252
Chr.2	38590	3831532	1395081	1395085	Longissimus muscle area QTL (292371)	292371
Chr.2	38590	3831532	1418808	1418812	Subcutaneous fat thickness QTL (16309)	16309
Chr.2	38590	3831532	1418808	1418812	Ham meat percentage QTL (32706)	32706
Chr.2	38590	3831532	1418808	1418812	Lean meat percentage QTL (32720)	32720
Chr.2	38590	3831532	1418808	1418812	Longissimus muscle area QTL (106179)	106179
Chr.2	38590	3831532	1427140	1427144	Subcutaneous fat thickness QTL (262233)	262233
Chr.2	38590	3831532	1454625	1454629	Subcutaneous fat thickness QTL (262198)	262198
Chr.2	38590	3831532	1454643	1454647	Subcutaneous fat thickness QTL (262199)	262199
Chr.2	38590	3831532	1454658	1454662	Subcutaneous fat thickness QTL (262197)	262197
Chr.2	38590	3831532	1455603	1455607	Subcutaneous fat thickness QTL (262201)	262201
Chr.2	38590	3831532	1456145	1456149	Subcutaneous fat thickness QTL (262202)	262202
Chr.2	38590	3831532	1456463	1456467	Subcutaneous fat thickness QTL (262205)	262205
Chr.2	38590	3831532	1456463	1456467	Subcutaneous fat thickness QTL (262239)	262239
Chr.2	38590	3831532	1459757	1459761	Subcutaneous fat thickness QTL (262195)	262195
Chr.2	38590	3831532	1459757	1459761	Subcutaneous fat thickness QTL (262231)	262231
Chr.2	38590	3831532	1459775	1459779	Subcutaneous fat thickness QTL (262196)	262196
Chr.2	38590	3831532	1459775	1459779	Subcutaneous fat thickness QTL (262232)	262232
Chr.2	38590	3831532	1464792	1464796	Subcutaneous fat thickness QTL (262200)	262200
Chr.2	38590	3831532	1464792	1464796	Subcutaneous fat thickness QTL (262236)	262236
Chr.2	38590	3831532	1464794	1464798	Subcutaneous fat thickness QTL (262204)	262204
Chr.2	38590	3831532	1464794	1464798	Subcutaneous fat thickness QTL (262237)	262237
Chr.2	38590	3831532	1464877	1464881	Subcutaneous fat thickness QTL (262203)	262203
Chr.2	38590	3831532	1467953	1467957	Subcutaneous fat thickness QTL (262235)	262235
Chr.2	38590	3831532	1468649	1468653	Subcutaneous fat thickness QTL (262234)	262234
Chr.2	38590	3831532	1469149	1469153	Average daily gain QTL (290204)	290204
Chr.2	38590	3831532	1479649	1479653	Dressing percentage QTL (161236)	161236
Chr.2	38590	3831532	1512533	1512537	Subcutaneous fat thickness QTL (262437)	262437
Chr.2	38590	3831532	1521937	1521941	Subcutaneous fat thickness QTL (262436)	262436
Chr.2	38590	3831532	1599361	1599365	Offspring number QTL (130313)	130313
Chr.2	38590	3831532	1599361	1599365	Dressing percentage QTL (160921)	160921
Chr.2	38590	3831532	1634818	1634822	Longissimus muscle area QTL (106174)	106174
Chr.2	38590	3831532	1634818	1634822	Dressing percentage QTL (161249)	161249
Chr.2	38590	3831532	1667382	1667386	Coping behavior QTL (124318)	124318
Chr.2	38590	3831532	1667382	1667386	Coping behavior QTL (124634)	124634
Chr.2	38590	3831532	1667382	1667386	Coping behavior QTL (124635)	124635
Chr.2	38590	3831532	1667382	1667386	Coping behavior QTL (124636)	124636
Chr.2	38590	3831532	1667382	1667386	Coping behavior QTL (124926)	124926
Chr.2	38590	3831532	1775294	1775298	Mean corpuscular volume QTL (127178)	127178
Chr.2	38590	3831532	1776996	1777000	Longissimus muscle area QTL (106176)	106176
Chr.2	38590	3831532	1776996	1777000	Meat to fat ratio QTL (165003)	165003
Chr.2	38590	3831532	1776996	1777000	Subcutaneous fat thickness QTL (287581)	287581
Chr.2	38590	3831532	1776996	1777000	Subcutaneous fat thickness QTL (311844)	311844
Chr.2	38590	3831532	1797369	1797373	Mean corpuscular volume QTL (127179)	127179
Chr.2	38590	3831532	1797369	1797373	Lymphocyte number QTL (171091)	171091
Chr.2	38590	3831532	1797369	1797373	Subcutaneous fat thickness QTL (311845)	311845
Chr.2	38590	3831532	1825034	1825038	Subcutaneous fat thickness QTL (262684)	262684
Chr.2	38590	3831532	1825034	1825038	Subcutaneous fat thickness QTL (262686)	262686
Chr.2	38590	3831532	1825034	1825038	Subcutaneous fat thickness QTL (262690)	262690
Chr.2	38590	3831532	1843812	1843816	Body weight QTL (263699)	263699
Chr.2	38590	3831532	1860913	1860917	Ham meat percentage QTL (32707)	32707
Chr.2	38590	3831532	1860913	1860917	Lean meat percentage QTL (32721)	32721
Chr.2	38590	3831532	1860913	1860917	Loin weight QTL (153584)	153584
Chr.2	38590	3831532	1920686	1920690	Average daily gain QTL (289985)	289985
Chr.2	38590	3831532	2010797	2010801	Teat number QTL (294049)	294049
Chr.2	38590	3831532	2092757	2092761	Mean corpuscular volume QTL (293407)	293407
Chr.2	38590	3831532	2263203	2263207	Vulva width QTL (259874)	259874
Chr.2	38590	3831532	2263254	2263258	Ham meat percentage QTL (32708)	32708
Chr.2	38590	3831532	2263254	2263258	Vulva height QTL (258670)	258670
Chr.2	38590	3831532	2263254	2263258	Vulva width QTL (258674)	258674
Chr.2	38590	3831532	2284307	2284311	Vulva height QTL (258671)	258671
Chr.2	38590	3831532	2284307	2284311	Vulva width QTL (258675)	258675
Chr.2	38590	3831532	2368024	2368028	Vulva height QTL (258672)	258672
Chr.2	38590	3831532	2369380	2369384	Vulva height QTL (259867)	259867
Chr.2	38590	3831532	2396295	2396299	Linoleic acid content QTL (218157)	218157
Chr.2	38590	3831532	2396295	2396299	Polyunsaturated fatty acid content QTL (218158)	218158
Chr.2	38590	3831532	2396295	2396299	Monounsaturated fatty acid to polyunsaturated fatty acid ratio QTL (218160)	218160
Chr.2	38590	3831532	2396295	2396299	Polyunsaturated fatty acid to saturated fatty acid ratio QTL (218255)	218255
Chr.2	38590	3831532	2431550	2431554	Subcutaneous fat thickness QTL (165001)	165001
Chr.2	38590	3831532	2481103	2481107	Vulva height QTL (258669)	258669
Chr.2	38590	3831532	2521244	2521248	Monounsaturated fatty acid to polyunsaturated fatty acid ratio QTL (218151)	218151
Chr.2	38590	3831532	2521244	2521248	Oleic acid content QTL (218181)	218181
Chr.2	38590	3831532	2521244	2521248	Linoleic acid content QTL (218197)	218197
Chr.2	38590	3831532	2521244	2521248	Polyunsaturated fatty acid content QTL (218199)	218199
Chr.2	38590	3831532	2544375	2544379	Longissimus muscle area QTL (16353)	16353
Chr.2	38590	3831532	2564929	2564933	Longissimus muscle area QTL (292513)	292513
Chr.2	38590	3831532	2765769	2765773	Litter weight, piglets born alive QTL (292157)	292157
Chr.2	38590	3831532	2779326	2779330	Longissimus muscle area QTL (16354)	16354
Chr.2	38590	3831532	2779326	2779330	Average daily gain QTL (170639)	170639
Chr.2	38590	3831532	2780559	2780563	Litter weight, piglets born alive QTL (292280)	292280
Chr.2	38590	3831532	2852442	2852446	Shear force QTL (127072)	127072
Chr.2	38590	3831532	2852442	2852446	Shear force QTL (167246)	167246
Chr.2	38590	3831532	2876372	2876376	Ham meat percentage QTL (32710)	32710
Chr.2	38590	3831532	2876372	2876376	Lean meat percentage QTL (32723)	32723
Chr.2	38590	3831532	2876372	2876376	Dressing percentage QTL (161253)	161253
Chr.2	38590	3831532	2884871	2884875	Teat number QTL (294272)	294272
Chr.2	38590	3831532	2923618	2923622	Ham meat percentage QTL (32711)	32711
Chr.2	38590	3831532	2923618	2923622	Lean meat percentage QTL (32724)	32724
Chr.2	38590	3831532	2923618	2923622	Mean corpuscular volume QTL (127182)	127182
Chr.2	38590	3831532	2923618	2923622	Linoleic acid content QTL (218164)	218164
Chr.2	38590	3831532	2923618	2923622	Polyunsaturated fatty acid content QTL (218166)	218166
Chr.2	38590	3831532	2923618	2923622	Monounsaturated fatty acid to polyunsaturated fatty acid ratio QTL (218171)	218171
Chr.2	38590	3831532	2923618	2923622	Polyunsaturated fatty acid to saturated fatty acid ratio QTL (218256)	218256
Chr.2	38590	3831532	2927338	2927342	Subcutaneous fat thickness QTL (262435)	262435
Chr.2	38590	3831532	2927338	2927342	Subcutaneous fat thickness QTL (262446)	262446
Chr.2	38590	3831532	2928295	2928299	Subcutaneous fat thickness QTL (262448)	262448
Chr.2	38590	3831532	2928545	2928549	Subcutaneous fat thickness QTL (262447)	262447
Chr.2	38590	3831532	2955491	2955495	Mean corpuscular volume QTL (127183)	127183
Chr.2	38590	3831532	2955491	2955495	Monounsaturated fatty acid to polyunsaturated fatty acid ratio QTL (218205)	218205
Chr.2	38590	3831532	2955491	2955495	Linoleic acid content QTL (218224)	218224
Chr.2	38590	3831532	2955491	2955495	Polyunsaturated fatty acid content QTL (218229)	218229
Chr.2	38590	3831532	2968175	2968179	Mean corpuscular volume QTL (127184)	127184
Chr.2	38590	3831532	3044737	3044741	Body length QTL (125500)	125500
Chr.2	38590	3831532	3080516	3080520	Body length QTL (125499)	125499
Chr.2	38590	3831532	3080516	3080520	Front foot size QTL (125716)	125716
Chr.2	38590	3831532	3105175	3105179	Average daily gain QTL (290292)	290292
Chr.2	38590	3831532	3126889	3126893	Offspring number QTL (293550)	293550
Chr.2	38590	3831532	3154552	3154556	Longissimus muscle depth QTL (292989)	292989
Chr.2	38590	3831532	3182710	3182714	Ham meat percentage QTL (32712)	32712
Chr.2	38590	3831532	3182710	3182714	Lean meat percentage QTL (32725)	32725
Chr.2	38590	3831532	3182710	3182714	Mean corpuscular volume QTL (127223)	127223
Chr.2	38590	3831532	3182710	3182714	Dressing percentage QTL (160910)	160910
Chr.2	38590	3831532	3204036	3204040	Subcutaneous fat thickness QTL (262238)	262238
Chr.2	38590	3831532	3305906	3305910	Mean corpuscular volume QTL (127187)	127187
Chr.2	38590	3831532	3359131	3359135	Weaning to estrus interval QTL (295669)	295669
Chr.2	38590	3831532	3372348	3372352	Body weight QTL (263704)	263704
Chr.2	38590	3831532	3391657	3391661	Subcutaneous fat thickness QTL (291147)	291147
Chr.2	38590	3831532	3428374	3428378	Offspring number QTL (261971)	261971
Chr.2	38590	3831532	3442216	3442220	Ham meat percentage QTL (32713)	32713
Chr.2	38590	3831532	3442216	3442220	Lean meat percentage QTL (32726)	32726
Chr.2	38590	3831532	3442402	3442406	Gestation length QTL (291495)	291495
Chr.2	38590	3831532	3475906	3475910	Offspring number QTL (261972)	261972
Chr.2	38590	3831532	3477718	3477722	Body weight QTL (263706)	263706
Chr.2	38590	3831532	3478090	3478094	Subcutaneous fat thickness QTL (135738)	135738
Chr.2	38590	3831532	3478090	3478094	Monounsaturated fatty acid to polyunsaturated fatty acid ratio QTL (218133)	218133
Chr.2	38590	3831532	3478090	3478094	Linoleic acid content QTL (218138)	218138
Chr.2	38590	3831532	3478090	3478094	Polyunsaturated fatty acid content QTL (218143)	218143
Chr.2	38590	3831532	3478090	3478094	Polyunsaturated fatty acid to saturated fatty acid ratio QTL (218211)	218211
Chr.2	38590	3831532	3478090	3478094	Average daily gain QTL (311836)	311836
Chr.2	38590	3831532	3512752	3512756	Ham meat percentage QTL (32714)	32714
Chr.2	38590	3831532	3512752	3512756	Lean meat percentage QTL (32727)	32727
Chr.2	38590	3831532	3512752	3512756	Mean corpuscular volume QTL (127168)	127168
Chr.2	38590	3831532	3512752	3512756	Average daily gain QTL (311837)	311837
Chr.2	38590	3831532	3549898	3549902	Longissimus muscle depth QTL (293272)	293272
Chr.2	38590	3831532	3555596	3555600	Ham meat percentage QTL (32715)	32715
Chr.2	38590	3831532	3579933	3579937	Ham meat percentage QTL (32716)	32716
Chr.2	38590	3831532	3699207	3699211	Ham meat percentage QTL (32717)	32717
Chr.2	38590	3831532	3699207	3699211	Tongue weight QTL (153241)	153241
Chr.2	38590	3831532	3699207	3699211	Subcutaneous fat thickness QTL (153541)	153541
Chr.2	38590	3831532	3699207	3699211	Subcutaneous fat thickness QTL (153585)	153585
Chr.2	38590	3831532	3798679	3798683	Shear force at first peak QTL (119837)	119837
Chr.2	38590	3831532	3798679	3798683	Fat color QTL (119838)	119838
Chr.3	257258	3546976	444000	444004	Subcutaneous fat thickness QTL (290351)	290351
Chr.3	257258	3546976	453644	453648	Intramuscular fat content QTL (176598)	176598
Chr.3	257258	3546976	593945	593949	Sperm count QTL (289434)	289434
Chr.3	257258	3546976	653775	653779	Teat number QTL (294916)	294916
Chr.3	257258	3546976	830767	830771	Offspring number QTL (291951)	291951
Chr.3	257258	3546976	834298	834302	Offspring number QTL (293465)	293465
Chr.3	257258	3546976	1066248	1066252	Coping behavior QTL (124343)	124343
Chr.3	257258	3546976	1067635	1067639	Teat number QTL (294534)	294534
Chr.3	257258	3546976	1071015	1071019	Functional teat number QTL (124202)	124202
Chr.3	257258	3546976	1139306	1139310	Teat number QTL (294864)	294864
Chr.3	257258	3546976	1628477	1628481	Weaning to estrus interval QTL (295681)	295681
Chr.3	257258	3546976	1682210	1682214	Litter weight, piglets born alive QTL (292324)	292324
Chr.3	257258	3546976	1683469	1683473	Litter weight, piglets born alive QTL (292235)	292235
Chr.3	257258	3546976	1945007	1945011	Lysozyme level QTL (293393)	293393
Chr.3	257258	3546976	2016433	2016437	Teat number QTL (295283)	295283
Chr.3	257258	3546976	2202670	2202674	Litter weight, total QTL (281339)	281339
Chr.3	257258	3546976	2483195	2483199	Juiciness score QTL (164960)	164960
Chr.3	257258	3546976	2530691	2530695	Overall impression, sensory panel QTL (164987)	164987
Chr.3	257258	3546976	2580332	2580336	Teat number QTL (294842)	294842
Chr.3	257258	3546976	2592607	2592611	Intramuscular fat content QTL (65370)	65370
Chr.3	257258	3546976	2776595	2776599	Sperm abnormality rate QTL (215773)	215773
Chr.3	257258	3546976	2834403	2834407	Subcutaneous fat thickness QTL (290475)	290475
Chr.3	257258	3546976	2969737	2969741	Teat number QTL (294112)	294112
Chr.3	257258	3546976	3329404	3329408	Average daily gain QTL (289714)	289714
Chr.3	257258	3546976	3406158	3406162	Average daily gain QTL (290102)	290102
Chr.3	257258	3546976	3408484	3408488	Offspring number QTL (296086)	296086
Chr.3	257258	3546976	3446972	3446976	Average daily gain QTL (289659)	289659
Chr.4	4324790	4625683	4489806	4489810	Subcutaneous fat thickness QTL (290696)	290696
Chr.5	109717252	109883555	109834298	109834302	Teat number QTL (295039)	295039
Chr.7	3010552	3566361	3299489	3299493	Average daily gain QTL (289652)	289652
Chr.8	119501175	120755443	119579971	119579975	Offspring number QTL (130346)	130346
Chr.8	119501175	120755443	119608741	119608745	Offspring number QTL (293621)	293621
Chr.8	119501175	120755443	119632712	119632716	Coping behavior QTL (124406)	124406
Chr.8	119501175	120755443	119632712	119632716	Days to 115 kg QTL (130572)	130572
Chr.8	119501175	120755443	119711565	119711569	Body height QTL (286667)	286667
Chr.8	119501175	120755443	119812758	119812762	Average daily gain QTL (290059)	290059
Chr.8	119501175	120755443	119909137	119909141	Subcutaneous fat thickness QTL (16318)	16318
Chr.8	119501175	120755443	120000078	120000082	Teat number QTL (294131)	294131
Chr.8	119501175	120755443	120002741	120002745	Average daily gain QTL (289752)	289752
Chr.8	119501175	120755443	120189375	120189379	Body weight QTL (153663)	153663
Chr.8	119501175	120755443	120391996	120392000	Teat number QTL (294213)	294213
Chr.8	119501175	120755443	120485153	120485157	Subcutaneous fat thickness QTL (290387)	290387
Chr.8	119501175	120755443	120487817	120487821	Subcutaneous fat thickness QTL (290979)	290979
Chr.8	119501175	120755443	120656289	120656293	Offspring number QTL (130379)	130379
Chr.8	119501175	120755443	120656289	120656293	Offspring number QTL (153456)	153456
Chr.9	2191167	2955063	2279973	2279977	Offspring number QTL (130430)	130430
Chr.9	2191167	2955063	2334571	2334575	Offspring number QTL (130348)	130348
Chr.9	2191167	2955063	2401020	2401024	Offspring number QTL (130319)	130319
Chr.9	2191167	2955063	2801574	2801578	Teat number QTL (294646)	294646
Chr.9	2191167	2955063	2834766	2834770	Sperm motility QTL (293910)	293910
Chr.9	2191167	2955063	2902432	2902436	Body condition score QTL (291364)	291364
Chr.9	2191167	2955063	2902432	2902436	Offspring number QTL (293659)	293659
Chr.9	2191167	2955063	2902432	2902436	Semen odor QTL (293789)	293789
Chr.9	2191167	2955063	2902432	2902436	Boar sexuality score QTL (296123)	296123
Chr.12	7073042	9236592	7106549	7106553	Interferon-gamma to interleukin-10 ratio QTL (291670)	291670
Chr.12	7073042	9236592	7207954	7207958	Average daily gain QTL (312069)	312069
Chr.12	7073042	9236592	7241338	7241342	Oleic acid to palmitoleic acid ratio QTL (101514)	101514
Chr.12	7073042	9236592	7388128	7388132	Subcutaneous fat thickness QTL (290922)	290922
Chr.12	7073042	9236592	7457928	7457932	Birth weight variability QTL (262631)	262631
Chr.12	7073042	9236592	7506790	7506794	Age at puberty QTL (22097)	22097
Chr.12	7073042	9236592	7520550	7520554	Subcutaneous fat thickness QTL (291037)	291037
Chr.12	7073042	9236592	7776496	7776500	Average daily gain QTL (290090)	290090
Chr.12	7073042	9236592	7828710	7828714	Longissimus muscle area QTL (292568)	292568
Chr.12	7073042	9236592	7876084	7876088	Body weight QTL (38010)	38010
Chr.12	7073042	9236592	7931846	7931850	Body weight QTL (194108)	194108
Chr.12	7073042	9236592	7960503	7960507	CD4-positive, CD8-negative leukocyte percentage QTL (23416)	23416
Chr.12	7073042	9236592	8016193	8016197	CD4-positive, CD8-negative leukocyte percentage QTL (23414)	23414
Chr.12	7073042	9236592	8027149	8027153	Intramuscular fat content QTL (147445)	147445
Chr.12	7073042	9236592	8049232	8049236	CD4-positive, CD8-negative leukocyte percentage QTL (23415)	23415
Chr.12	7073042	9236592	8151675	8151679	CD4-positive, CD8-negative leukocyte percentage QTL (23417)	23417
Chr.12	7073042	9236592	8151675	8151679	Intramuscular fat content QTL (147446)	147446
Chr.12	7073042	9236592	8186613	8186617	CD4-positive, CD8-negative leukocyte percentage QTL (23418)	23418
Chr.12	7073042	9236592	8229821	8229825	Spinal curvature QTL (17710)	17710
Chr.12	7073042	9236592	8230002	8230006	Spinal curvature QTL (17709)	17709
Chr.12	7073042	9236592	8231845	8231849	Spinal curvature QTL (17708)	17708
Chr.12	7073042	9236592	8242266	8242270	Teat number QTL (294314)	294314
Chr.12	7073042	9236592	8252398	8252402	CD4-positive, CD8-negative leukocyte percentage QTL (23419)	23419
Chr.12	7073042	9236592	8322488	8322492	Teat number QTL (294173)	294173
Chr.12	7073042	9236592	8370058	8370062	CD4-positive, CD8-negative leukocyte percentage QTL (23421)	23421
Chr.12	7073042	9236592	8396880	8396884	Front leg conformation QTL (16388)	16388
Chr.12	7073042	9236592	8396880	8396884	CD4-positive, CD8-negative leukocyte percentage QTL (23420)	23420
Chr.12	7073042	9236592	8726823	8726827	Coping behavior QTL (124447)	124447
Chr.12	7073042	9236592	8726823	8726827	Coping behavior QTL (124765)	124765
Chr.12	7073042	9236592	8795804	8795808	Immunocrit QTL (36022)	36022
Chr.12	7073042	9236592	8841564	8841568	Front leg conformation QTL (16389)	16389
Chr.12	7073042	9236592	9120708	9120712	Immunocrit QTL (36023)	36023
Chr.12	7073042	9236592	9220933	9220937	Average daily gain QTL (290171)	290171
Chr.12	7073042	9236592	9222722	9222726	Teat number QTL (295038)	295038
Chr.12	7073042	9236592	9224642	9224646	Meat color QTL (55958)	55958
Chr.14	554	366238	28297	28301	Meat color QTL (240063)	240063
Chr.14	554	366238	28298	28302	Meat color QTL (240064)	240064
Chr.14	554	366238	123532	123536	Subcutaneous fat thickness QTL (23163)	23163
Chr.14	554	366238	123532	123536	indole, laboratory QTL (95294)	95294
Chr.14	554	366238	123532	123536	indole, laboratory QTL (95335)	95335
Chr.14	554	366238	123532	123536	Fat skatole level QTL (220564)	220564
Chr.14	554	366238	123532	123536	Fat skatole level QTL (220581)	220581
Chr.14	554	366238	138427	138431	Fat skatole level QTL (220580)	220580
Chr.14	554	366238	159300	159304	Stearic acid content QTL (218082)	218082
Chr.14	554	366238	159300	159304	Fat skatole level QTL (220579)	220579
Chr.14	554	366238	195965	195969	Stearic acid content QTL (218086)	218086
Chr.14	554	366238	195965	195969	Fat skatole level QTL (220578)	220578
Chr.14	554	366238	224101	224105	Stearic acid content QTL (218083)	218083
Chr.14	554	366238	224101	224105	Fat skatole level QTL (220577)	220577
Chr.14	554	366238	253945	253949	Fat skatole level QTL (220576)	220576
Chr.14	554	366238	300938	300942	Stearic acid content QTL (218093)	218093
Chr.14	554	366238	300938	300942	Fat skatole level QTL (220575)	220575
Chr.14	554	366238	342030	342034	Fat skatole level QTL (220574)	220574
Chr.14	554	366238	358063	358067	Total muscle fiber number QTL (194832)	194832
Chr.14	554	366238	358063	358067	Number of muscle fibers per unit area QTL (194833)	194833
Chr.14	554	366238	360101	360105	Stearic acid content QTL (218085)	218085
Chr.14	554	366238	360101	360105	Fat skatole level QTL (220573)	220573
Chr.15	82193087	83126755	82891542	82891546	Offspring number QTL (291947)	291947
Chr.16	1847295	2070464	1859083	1859087	Interferon-gamma to interleukin-10 ratio QTL (291678)	291678
Chr.16	1847295	2070464	1940828	1940832	Teat number QTL (294368)	294368
Chr.16	1847295	2070464	2014053	2014057	Hip structure QTL (16565)	16565
Chr.18	492523	1179722	960804	960808	Longissimus muscle depth QTL (293190)	293190
Chr.18	492523	1179722	1008465	1008469	Average daily gain QTL (289776)	289776
Chr.18	492523	1179722	1052624	1052628	Feed conversion ratio QTL (62277)	62277
